{"cameraMode":{"drawMode":0,"name":"Shaded","section":"Shading Mode"},"sceneLighting":true,"audioPlay":false,"sceneViewState":{"m_AlwaysRefresh":false,"showFog":true,"showSkybox":true,"showFlares":true,"showImageEffects":true,"showParticleSystems":true,"showVisualEffectGraphs":true,"m_FxEnabled":true},"in2DMode":false,"pivot":{"x":63.87849426269531,"y":161.93856811523438,"z":-16.153059005737306},"rotation":{"x":0.48456209897994997,"y":-0.5151609182357788,"z":0.4880599081516266,"w":0.5114570260047913},"size":0.46735990047454836,"orthographic":false}